Make,Model,
Polestar,Polestar 1,
Polestar,Polestar 2,
Polestar,Other,
Acura,3.2CL,
Acura,3.2TL,
Acura,3.2TL S,
Acura,C300,
Acura,CL,
Acura,EL,
Acura,ILX,
Acura,Integra,
Acura,Legend,
Acura,MDX,
Acura,NEW,
Acura,NEW1,
Acura,NSX,
Acura,Other,
Acura,QL898,
Acura,RDX,
Acura,RL,
Acura,RSX,
Acura,TL,
Acura,TSX,
Acura,Vigor,
Acura,ZDX,
Aistream,Other,
Alfa Romeo,147,
Alfa Romeo,159,
Alfa Romeo,Brera,
Alfa Romeo,Crosswagon,
Alfa Romeo,GT,
Alfa Romeo,GTA,
Alfa Romeo,Graduate,
Alfa Romeo,Milano,
Alfa Romeo,Other,
Alfa Romeo,Q4,
Alfa Romeo,Quadrifoli,
Alfa Romeo,Spider,
Alfa Romeo,Sportwagon,
American Motors,Other,
Aprilia,Other,
Aston Martin,Other,
Audi,100,
Audi,200,
Audi,80,
Audi,90,
Audi,A3,
Audi,A4,
Audi,A5,
Audi,A6,
Audi,A6 Quattro,
Audi,A7,
Audi,A8,
Audi,A8 L 60 TFSI e quattro tiptronic,
Audi,Allroad,
Audi,Audi Q4 e-tron Sportback,
Audi,Cabriolet,
Audi,NEW,
Audi,other,
Audi,Q4 e-tron,
Audi,Q5,
Audi,Q5 electric,
Audi,Q5 TFSI e PHEV,
Audi,Q7,
Audi,Q8 e-tron,
Audi,RS6,
Audi,S4,
Audi,S6,
Audi,S8,
Audi,TT,
Audi,e-tron,
Audi,e-tron GT,
Audi,e-tron Sportback,
Bentley,Bentayga,
Bentley,Bentayga Hybrid, 
Bentley,Continental,
Bentley,Flying Spur,
Bentley,Mulliner,
Bentley,Other,
BMW,128i,
BMW,228i,
BMW,318,
BMW,320,
BMW,320i,
BMW,323,
BMW,323i,
BMW,325,
BMW,325CI,
BMW,325I,
BMW,325e,
BMW,328I,
BMW,328xi,
BMW,330,
BMW,330I,
BMW,330e,
BMW,335i,
BMW,428I,
BMW,525,
BMW,525i,
BMW,528,
BMW,528I,
BMW,530,
BMW,530E,
BMW,530i,
BMW,535,
BMW,535i,
BMW,540,
BMW,540i,
BMW,545,
BMW,550i,
BMW,635csi,
BMW,640 I,
BMW,640I,
BMW,645,
BMW,650I,
BMW,735,
BMW,740,
BMW,740IL,
BMW,740e xDrive,
BMW,740i,
BMW,745,
BMW,760,
BMW,840,
BMW,GT,
BMW,I3,
BMW,M Roadster,
BMW,M3,
BMW,M4,
BMW,M5,
BMW,Mini,
BMW,Other,
BMW,R1 100,
BMW,X1,
BMW,X3,
BMW,X3 xDrive30e,
BMW,X5,
BMW,X5 xDrive40e,
BMW,X5 xDrive45e,
BMW,Z3,
BMW,Z4,
BMW,Z8,
BMW,i4,
BMW,i4 eDrive40,
BMW,i5,
BMW,i7,
BMW,iX,
BMW,iX xDrive50,
Brightdrop,Zevo 600/400,
Brightdrop,Other,
Buell,Other,
Buick,Century,
Buick,E5,
Buick,ENCORE,
Buick,Electra,
Buick,Enclave,
Buick,Lacrosse,
Buick,Lesabre,
Buick,Lucerne,
Buick,Other,
Buick,Park Ave,
Buick,Rainier,
Buick,Reatta,
Buick,Regal,
Buick,Rendezvous,
Buick,Riviera,
Buick,Roadmaster,
Buick,Skyhawk,
Buick,Skylark,
Buick,Terraza,
Cadillac,Allante,
Cadillac,Brougham,
Cadillac,CTS,
Cadillac,Catera,
Cadillac,DHS,
Cadillac,DTS,
Cadillac,Deville,
Cadillac,ESV,
Cadillac,EXT,
Cadillac,Eldorado,
Cadillac,Escalade,
Cadillac,Fleetwood,
Cadillac,Other,
Cadillac,SLS,
Cadillac,SRX,
Cadillac,STS,
Cadillac,Seville,
Cadillac,XLR,
Can AM,Other,
Chevrolet,1500,
Chevrolet,2500,
Chevrolet,300c,
Chevrolet,Astro,
Chevrolet,Avalanche,
Chevrolet,Aveo,
Chevrolet,Belair,
Chevrolet,Beretta,
Chevrolet,Blazer,
Chevrolet,Bolt,
Chevrolet,Camaro,
Chevrolet,Caprice,
Chevrolet,Cavalier,
Chevrolet,Celebrity,
Chevrolet,Chevelle,
Chevrolet,Chevette,
Chevrolet,Cheyenne,
Chevrolet,Citation,
Chevrolet,Cobalt,
Chevrolet,Colorado,
Chevrolet,Corsica,
Chevrolet,Corvette,
Chevrolet,Cruze,
Chevrolet,Equinox,
Chevrolet,Fleetside,
Chevrolet,Impala,
Chevrolet,Lumina,
Chevrolet,Malibu,
Chevrolet,Monte Carlo,
Chevrolet,NEW,
Chevrolet,Nova,
Chevrolet,Other,
Chevrolet,S10,
Chevrolet,SSR,
Chevrolet,Silverado,
Chevrolet,Sonic,
Chevrolet,Sportvan,
Chevrolet,Step Van,
Chevrolet,Suburban,
Chevrolet,Tahoe,
Chevrolet,Tracker,
Chevrolet,Trailblazer,
Chevrolet,Traverse,
Chevrolet,Trax,
Chevrolet,VAN,
Chevrolet,Venture,
Chevrolet,Volt,
Chrysler,200,
Chrysler,200LX,
Chrysler,300c,
Chrysler,300m,
Chrysler,5th Avenue,
Chrysler,C300,
Chrysler,Cirrus,
Chrysler,Concorde,
Chrysler,Conquest,
Chrysler,Crossfire,
Chrysler,Dynasty,
Chrysler,Imperial,
Chrysler,Intrepid,
Chrysler,LHS,
Chrysler,Lebaron,
Chrysler,New Yorker,
Chrysler,Other,
Chrysler,Pacifica,
Chrysler,Pacifica Hybrid,
Chrysler,PT Cruiser,
Chrysler,Sebring,
Chrysler,Town And Country,
Chrysler,VAN,
Daewoo,Lanos,
Daewoo,Other,
Datsun,Other,
Datsun,Z,
Diahatsu,Charade,
Diahatsu,Other,
Dodge,Aries,
Dodge,Aspen,
Dodge,Avenger,
Dodge,Caravan,
Dodge,Challenger,
Dodge,Charger,
Dodge,Charger EV,
Dodge,Colt,
Dodge,Dakota,
Dodge,Dart,
Dodge,Daytona,
Dodge,Diplomat,
Dodge,Durango,
Dodge,Dynasty,
Dodge,Intrepid,
Dodge,JOURNEY,
Dodge,Lancer,
Dodge,Magnum,
Dodge,Mirada,
Dodge,Monaco,
Dodge,NEW,
Dodge,NEW1,
Dodge,NEW2,
Dodge,Neon,
Dodge,Nitro,
Dodge,Omni,
Dodge,Other,
Dodge,Polara,
Dodge,RAM,
Dodge,SRT4,
Dodge,Shadow,
Dodge,Spirit,
Dodge,Sprinter,
Dodge,Stealth,
Dodge,Stratus,
Dodge,VAN,
Dodge,Viper,
Ducati,Other,
Eagle,Medallion,
Eagle,Other,
Eagle,Premier,
Eagle,Summit,
Eagle,Talon,
Eagle,Vision,
Ferrari,296GTB,
Ferrari,Ferrari,
Ferrari,Other,
Ferrari,SF90 Stradale,
Fiat,Croma,
Fiat,Doblo,
Fiat,Grande,
Fiat,Multipla,
Fiat,Other,
Fiat,Panda,
Fiat,Pundo,
Fiat,Stilo,
Fleetwood,Other,
Ford,500,
Ford,Aerostar,
Ford,Aspire,
Ford,Bronco,
Ford,C-Max,
Ford,Countour,
Ford,Country Square,
Ford,Crown Victoria,
Ford,E Transit,
Ford,E-Series,
Ford,E150,
Ford,Edge,
Ford,Escape,
Ford,Escape PHEV,
Ford,Escort,
Ford,Expedition,
Ford,Explorer,
Ford,Expo,
Ford,F-150,
Ford,F150 Lightning,
Ford,F250,
Ford,F350,
Ford,Fairlane,
Ford,Festiva,
Ford,Fiesta,
Ford,Flex,
Ford,Focus,
Ford,Focus Electric,
Ford,Ford Gt,
Ford,Freestar,
Ford,Freestyle,
Ford,Fusion,
Ford,Galaxy,
Ford,LTD,
Ford,Maverick,
Ford,Mustang,
Ford,Mustang Mach-E,
Ford,NEW,
Ford,NEW1,
Ford,Other,
Ford,Pinto,
Ford,Probe,
Ford,Ranger,
Ford,Sporttrac,
Ford,Superduty,
Ford,Taurus,
Ford,Tbird,
Ford,Tempo,
Ford,Transit,
Ford,VAN,
Ford,Windstar,
Freight Liner,Other,
GENESIS,Electrified G80,
GENESIS,Electrified GV70,
GENESIS,G70,
GENESIS,GV60,
Geo,Metro,
Geo,Other,
Geo,Prizm,
Geo,Spectrum,
Geo,Storm,
Geo,Tracker,
GMC,1500,
GMC,2500,
GMC,Canyon,
GMC,Envoy,
GMC,Jimmy,
GMC,Other,
GMC,Rally,
GMC,S15,
GMC,Safari,
GMC,Savana,
GMC,Sierra,
GMC,Sierra EV,
GMC,Sonoma,
GMC,Yukon,
Harley Davidson,Harley Davidson,
Harley Davidson,Other,
Honda,600,
Honda,Accord,
Honda,CBR1000,
Honda,CLARITY,
Honda,CR-V,
Honda,CR-Z,
Honda,CR80,
Honda,CROSSTOUR,
Honda,CRX,
Honda,CV,
Honda,CX-5,
Honda,Civic,
Honda,Civic Hybrid,
Honda,Clarity PHEV,
Honda,Del Sol,
Honda,Element,
Honda,FIT,
Honda,FIT EV,
Honda,HR-V,
Honda,HONDA E,
Honda,Hybrid,
Honda,IONIQ PHEV,
Honda,Insight,
Honda,Odyssey,
Honda,Other,
Honda,Pilot,
Honda,Prelude,
Honda,S2000,
Hummer,H1,
Hummer,H2,
Hummer,H3,
Hummer,NEW,
Hummer,Other,
Hyundai,Accent,
Hyundai,Azera,
Hyundai,Elantra,
Hyundai,Entourage,
Hyundai,Excel,
Hyundai,Kona,
Hyundai,Kona Electric,
Hyundai,NEW,
Hyundai,Other,
Hyundai,Palisade,
Hyundai,Santa Fe,
Hyundai,Santa Fe PHEV,
Hyundai,Scoupe,
Hyundai,Sonata,
Hyundai,Tiburon,
Hyundai,Tucson,
Hyundai,Tucson Plug-In Hybrid,
Hyundai,XG 350,
Hyundai,ioniq,
Infiniti,Fx35,
Infiniti,Fx45,
Infiniti,G20,
Infiniti,G35,
Infiniti,I30,
Infiniti,I5,
Infiniti,J30,
Infiniti,M30,
Infiniti,M45,
Infiniti,NEW,
Infiniti,NEW1,
Infiniti,NEW2,
Infiniti,Other,
Infiniti,Q45,
Infiniti,Q50,
Infiniti,QX4,
Infiniti,QX56,
Infiniti,QX60,
International,Other,
Isuzu,4200,
Isuzu,Asance,
Isuzu,Ascender,
Isuzu,Aska,
Isuzu,Axiom,
Isuzu,Coa lii,
Isuzu,Como,
Isuzu,Costa,
Isuzu,Deseo,
Isuzu,Filly,
Isuzu,Frontera Sport,
Isuzu,Funkybox,
Isuzu,GBX,
Isuzu,Hombre,
Isuzu,I-280,
Isuzu,I-350,
Isuzu,KAI,
Isuzu,Oasis,
Isuzu,Other,
Isuzu,Rodeo,
Isuzu,Trooper,
Isuzu,VX-4,
Isuzu,VX-02,
Isuzu,VX2,
Isuzu,Vehicross,
Isuzu,ZXS,
Jaguar,220S,
Jaguar,Ascot,
Jaguar,Concept Eight,
Jaguar,Coupe,
Jaguar,FI,
Jaguar,Fuore Xf 10,
Jaguar,I-PACE,
Jaguar,Kensington,
Jaguar,Other,
Jaguar,R-D6,
Jaguar,R3,
Jaguar,Roadster,
Jaguar,S-Type,
Jaguar,Sovereign,
Jaguar,Spider,
Jaguar,Super V8,
Jaguar,Supersport,
Jaguar,X-Type,
Jaguar,X400,
Jaguar,XJ,
Jaguar,XJ-X350,
Jaguar,XJ6,
Jaguar,XJ8,
Jaguar,XJR,
Jaguar,XK,
Jaguar,XKR,
Jayco,Other,
Jeep,Bantam,
Jeep,Cherokee,
Jeep,Commander,
Jeep,Compass,
Jeep,Dakar,
Jeep,Gladiator,
Jeep,Grand Cherokee,
Jeep,Grand Cherokee 4xe,
Jeep,Icon,
Jeep,Jeepster,
Jeep,Liberator,
Jeep,Liberty,
Jeep,Other,
Jeep,Patriot,
Jeep,Renegade,
Jeep,Rescue,
Jeep,Treo,
Jeep,Varsity,
Jeep,Willys,
Jeep,Wrangler,
Jeep,Wrangler 4xe,
Karma,GS-6,
Karma,Other,
Karma,Revero GT,
Kawasaki,Other,
Kenworth,Other,
Kia,Amanti,
Kia,Carens,
Kia,Cee'd,
Kia,EV6,
Kia,Elan,
Kia,FORTE 5,
Kia,Forte,
Kia,K5,
Kia,KCD-II,
Kia,KCV-4,
Kia,Karnival,
Kia,Magentis,
Kia,Multi-S Crossover,
Kia,Niro Electric,
Kia,Niro PHEV,
Kia,Opirus,
Kia,Optima,
Kia,Other,
Kia,RIO,
Kia,Sedona,
Kia,Sophia,
Kia,Sorento,
Kia,Sorento Plug-in Hybrid SX,
Kia,Soul,
Kia,Soul EV,
Kia,Spectra,
Kia,Spectra5,
Kia,Sport,
Kia,Sportage,
Kia,Sportage PHEV,
Kia,Telluride,
KTM,Other,
Lancia,Dedra,
Lancia,Delta,
Lancia,Dialogos Estate,
Lancia,ECV1,
Lancia,ECV2,
Lancia,Fulvia,
Lancia,Kappa,
Lancia,Kayak,
Lancia,Lybra,
Lancia,Musa,
Lancia,NEA,
Lancia,Other,
Lancia,Phaedra,
Lancia,Stratos,
Lancia,Thesis,
Lancia,Y Caprice,
Lancia,Y10,
Lancia,Ypsilon Momo,
Lancia,Ypsilon Sport,
Lancia,Zeta,
Land Rover,109,
Land Rover,Defender,
Land Rover,Discovery,
Land Rover,Freelander,
Land Rover,LR3,
Land Rover,Land Rover,
Land Rover,Other,
Land Rover,Range Rover,
Land Rover,SWB,
Land Rover,Series lia,
LAND ROVER,Discovery,
LAND ROVER,LR2,
LAND ROVER,LR3,
LAND ROVER,OTHER,
LAND ROVER,Range Rover,
LAND ROVER,Range Rover PHEV,
LAND ROVER,Range Rover Sport PHEV,
Lazy Daze,Other,
Lexus,CT200H,
Lexus,ES,
Lexus,ES250,
Lexus,ES300,
Lexus,ES300H,
Lexus,ES330,
Lexus,ES350,
Lexus,FLV,
Lexus,GS,
Lexus,GS200,
Lexus,GS300,
Lexus,GS350,
Lexus,GS430,
Lexus,GX,
Lexus,GX470,
Lexus,HPX,
Lexus,HS250h,
Lexus,IS,
Lexus,IS 200t,
Lexus,IS 250C,
Lexus,IS 300,
Lexus,IS200T,
Lexus,IS250,
Lexus,IS350,
Lexus,LF-SH,
Lexus,LS,
Lexus,LS460,
Lexus,LX,
Lexus,Landau,
Lexus,NX 450h+,
Lexus,NX300,
Lexus,Other,
Lexus,RC 200T,
Lexus,RX,
Lexus,RX300,
Lexus,RX330,
Lexus,RX350,
Lexus,RX400h,
Lexus,RX450h,
Lexus,RZ,
Lincoln,Aviator,
Lincoln,Aviator Grand Touring EV,
Lincoln,Blackwood,
Lincoln,Continental,
Lincoln,Corsair Grand Touring EV,
Lincoln,LS,
Lincoln,MKS,
Lincoln,MKX,
Lincoln,MKZ,
Lincoln,Mark LT,
Lincoln,Mark X,
Lincoln,Mk 9,
Lincoln,Navicross,
Lincoln,Navigator,
Lincoln,Other,
Lincoln,Sentinel,
Lincoln,Town Car,
Lincoln,Zephyr,
Lordstown,Endurance,
Lordstown,Other,
Lotus,340r,
Lotus,APX,
Lotus,Carlton,
Lotus,Circuit Car,
Lotus,Elan,
Lotus,Elise,
Lotus,Emme,
Lotus,Enjoy,
Lotus,Esprit,
Lotus,Europa,
Lotus,Exige,
Lotus,Extreme,
Lotus,GT1,
Lotus,Italdesign Etna,
Lotus,M250,
Lotus,Other,
Lotus,Turbo,
Lucid Motors,Air,
Lucid Motors,Other,
Mack,Other,
Maserati,3200 Gt,
Maserati,Birdcage,
Maserati,Bora,
Maserati,Buran,
Maserati,Chubasco,
Maserati,Coupe,
Maserati,Gransport,
Maserati,Indy,
Maserati,Kubang,
Maserati,Mc12 Corsa,
Maserati,Merak,
Maserati,Mmc Gt,
Maserati,Other,
Maserati,Quattroporte,
Maserati,Spyder,
Maserati,Trofeo,
Mazda,B-Series,
Mazda,CX-3,
Mazda,CX-5,
Mazda,CX-90 PHEV,
Mazda,CX-7,
Mazda,CX-9,
Mazda,Flexa,
Mazda,Ibuki,
Mazda,Kabura,
Mazda,Kusabi,
Mazda,MPV,
Mazda,MX-30 EV,
Mazda,Mazdaspeed 6,
Mazda,Miata,
Mazda,Micro Sport,
Mazda,Mx Crossport,
Mazda,Mx-5 Roadster Coupe,
Mazda,Other,
Mazda,Pro Formula,
Mazda,Protege,
Mazda,RX-8 Hydrogen,
Mazda,Sassou B-Car,
Mazda,Senku,
Mazda,Sport Wagon,
McLaren,Artura,
McLaren,Other,
Mercedes Benz,B-class,
Mercedes Benz,Bionic,
Mercedes Benz,Brabus,
Mercedes Benz,C-class,
Mercedes Benz,CI-class,
Mercedes Benz,Clk-class,
Mercedes Benz,E-class,
Mercedes Benz,EQB,
Mercedes Benz,EQB SUV,
Mercedes Benz,EQE SUV,
Mercedes Benz,EQE Sedan,
Mercedes Benz,EQS,
Mercedes Benz,EQS SUV,
Mercedes Benz,EQS Sedan,
Mercedes Benz,F 600,
Mercedes Benz,GL 320,
Mercedes Benz,GLC 350e,
Mercedes Benz,GLK,
Mercedes Benz,M-class,
Mercedes Benz,NEW,
Mercedes Benz,Other,
Mercedes Benz,P8,
Mercedes Benz,R Class,
Mercedes Benz,S Class,
Mercury,Cougar,
Mercury,Grand Marquis,
Mercury,MC4,
Mercury,MY,
Mercury,Marauder,
Mercury,Mariner,
Mercury,Messenger,
Mercury,Meta One,
Mercury,Milan,
Mercury,Montego,
Mercury,Monterey,
Mercury,Mountaineer,
Mercury,Mystique,
Mercury,Other,
Mercury,Sable,
Mercury,Tracer,
MG,GT,
MG,Other,
MG,Rover Tf,
MG,X Poer,
MG,Zt 260,
MINI,COOPER,
MINI,COOPER S,
MINI,COUNTRYMAN,
MINI,Clubman,
MINI,Countryman SE PHEV,
MINI,Mini El,
MINI,OTHER,
MINI,S E Countryman All4,
MINI,SE Hardtop EV,
Mitsubishi,Airtrek,
Mitsubishi,CZ2,
Mitsubishi,Colt,
Mitsubishi,Concept,
Mitsubishi,Countryman SE PHEV,
Mitsubishi,Diamante,
Mitsubishi,Dingo,
Mitsubishi,Eclipse,
Mitsubishi,Endeavor,
Mitsubishi,Galant,
Mitsubishi,Grandis,
Mitsubishi,I,
Mitsubishi,L200,
Mitsubishi,Lancer,
Mitsubishi,Magna,
Mitsubishi,Minica,
Mitsubishi,Montero,
Mitsubishi,Nessie,
Mitsubishi,Other,
Mitsubishi,Outlander,
Mitsubishi,Outlander PHEV,
Mitsubishi,Pajero,
Mitsubishi,Raider,
Mitsubishi,Ralliart,
Mitsubishi,Spaceliner,
Mitsubishi,Sport Truck,
Mitsubishi,Sportback,
Mitsubishi,Tarmac,
Mitsubishi,i-MiEV,
Morgan,Other,
Newmar,Other,
NISSAN,200SX,
NISSAN,300SX,
NISSAN,350Z,
NISSAN,370Z,
NISSAN,ACADIA,
NISSAN,ALTIMA,
NISSAN,Ariya,
NISSAN,Cube,
NISSAN,Frontier,
NISSAN,GXE,
NISSAN,JUKE,
NISSAN,Kicks,
NISSAN,LEAF,
NISSAN,MURANO,
NISSAN,Maxima,
NISSAN,NEW5,
NISSAN,NEW6,
NISSAN,NEW7,
NISSAN,NEW8,
NISSAN,NEW9,
NISSAN,Pathfinder,
NISSAN,Quest,
NISSAN,Rogue,
NISSAN,Sentra,
NISSAN,Titan,
NISSAN,VERSA,
NISSAN,X-Trail,
NISSAN,XTERRA,
Northwood Manufacturing,Other,
Nu Wa,Other,
Oldsmobile,Agila,
Oldsmobile,Alero,
Oldsmobile,Antares,
Oldsmobile,Anthem,
Oldsmobile,Aurora,
Oldsmobile,Bravada,
Oldsmobile,Ciera,
Oldsmobile,Cutlas,
Oldsmobile,Intrique,
Oldsmobile,LSS,
Oldsmobile,O4,
Oldsmobile,Other,
Oldsmobile,Profile,
Oldsmobile,Recon,
Oldsmobile,Silhouette,
Other,Other,
Peterbuilt,Other,
Peugot,Other,
Piagi,Other,
Plymouth,Breeze,
Plymouth,Neon,
Plymouth,Other,
Plymouth,Prowler,
Plymouth,Pt Coupe,
Polaris,Other,
Pontiac,Aztek,
Pontiac,Bonneville,
Pontiac,Firebird,
Pontiac,G6,
Pontiac,GTO,
Pontiac,Grand Am,
Pontiac,Grand Prix,
Pontiac,Montana,
Pontiac,Other,
Pontiac,Piranha,
Pontiac,REV,
Pontiac,Salsa,
Pontiac,Solstice,
Pontiac,Sunfire,
Pontiac,Torrent,
Pontiac,Trans Am,
Pontiac,Vibe,
Porsche,356,
Porsche,550,
Porsche,911,
Porsche,912,
Porsche,914,
Porsche,924,
Porsche,928,
Porsche,944,
Porsche,968,
Porsche,Boxster,
Porsche,Cayenne,
Porsche,Cayenne S E-Hybrid,
Porsche,Cayman,
Porsche,Other,
Porsche,Panamera E-Hybrid,
Porsche,Taycan,
RANGE ROVER,Velar,
Rexhall,Other,
Rivian,R1S,
Rivian,R1T,
Rivian,Other,
Rolls Royce,Other,
SAAB,9-2x,
SAAB,9-3x,
SAAB,900,
SAAB,Aero,
SAAB,Cabio,
SAAB,Other,
SAAB,Quantum,
SAAB,Sonett,
SAAB,Sport,
Saturn,Aura,
Saturn,Curve,
Saturn,ION,
Saturn,L-Series,
Saturn,L300,
Saturn,Other,
Saturn,Outlook,
Saturn,Prevue,
Saturn,Relay,
Saturn,SC1,
Saturn,SC2,
Saturn,SCX,
Saturn,SKY,
Saturn,SL2,
Saturn,Sky Redline,
Saturn,VUE,
Scion,BBX,
Scion,CCX,
Scion,Fuse,
Scion,IQ,
Scion,Other,
Scion,T2B,
Scion,TC,
Scion,XA,
Scion,XB,
Sterling,Other,
Studabaker,Other,
Subaru,Baja,
Subaru,Crosstrek Hybrid,
Subaru,Crosstrek PHEV,
Subaru,Forester,
Subaru,Impreza,
Subaru,Legacy,
Subaru,Other,
Subaru,Outback,
Subaru,Solterra,
Subaru,Tribeca,
Suzuki,Aerio,
Suzuki,Alto,
Suzuki,Blizzard,
Suzuki,Concept,
Suzuki,Forenza,
Suzuki,Grand Vitara,
Suzuki,Intruder,
Suzuki,Ionis,
Suzuki,LC,
Suzuki,Landbreeze,
Suzuki,Other,
Suzuki,P.X.,
Suzuki,Reno,
Suzuki,SX4,
Suzuki,Verona,
Suzuki,XL7,
Sym,Cali Classic,
Sym,NEW,
Sym,NEW1,
Sym,Other,
Tesla,Dual Motor,
Tesla,MODEL 3,
Tesla,Model S,
Tesla,Model X,
Tesla,Model Y,
Tesla,OTHER,
Thomas,Other,
Tiffin,Other,
Toyota,4runner,
Toyota,Avalon,
Toyota,Avensis,
Toyota,Aygo,
Toyota,C-HR,
Toyota,Camry,
Toyota,Camry Hybrid,
Toyota,Celica,
Toyota,Concept,
Toyota,Corolla,
Toyota,Cressida,
Toyota,Cruiser,
Toyota,Echo,
Toyota,Endo,
Toyota,F3R,
Toyota,Highlander,
Toyota,Hilux,
Toyota,Land Cruiser,
Toyota,MR2,
Toyota,Matrix,
Toyota,Mirai,
Toyota,Other,
Toyota,Prius,
Toyota,Prius Prime,
Toyota,RAV4,
Toyota,RAV4 Prime,
Toyota,Ractis,
Toyota,Sequoia,
Toyota,Sienna,
Toyota,Sportivo,
Toyota,Supra,
Toyota,Tacoma,
Toyota,Tundra,
Toyota,Yaris,
Toyota,bZ4X,
Triump,Other,
Vespa,Other,
Victory,Other,
VinFast,Other,
Volkswagen,Beetle,
Volkswagen,Concept,
Volkswagen,E Golf,
Volkswagen,Eco Racer,
Volkswagen,GX3,
Volkswagen,Golf,
Volkswagen,ID.4,
Volkswagen,Jetta,
Volkswagen,NEW,
Volkswagen,Other,
Volkswagen,Passat,
Volkswagen,Phaeton,
Volkswagen,Touareg,
Volvo,3CC,
Volvo,40 Series,
Volvo,Acc2,
Volvo,C30,
Volvo,C40 Recharge,
Volvo,C70,
Volvo,EX30,
Volvo,EX90,
Volvo,Other,
Volvo,S40,
Volvo,S60,
Volvo,S60 T8 Recharge PHEV,
Volvo,S70,
Volvo,S80,
Volvo,S90 T8 PHEV,
Volvo,T6,
Volvo,V50,
Volvo,V60 Recharge,
Volvo,V70,
Volvo,XC40 AWD BEV,
Volvo,XC40 Recharge,
Volvo,XC60,
Volvo,XC60 T8 PHEV,
Volvo,XC90 PHEV,
Volvo,XC70,
Volvo,XC90,
Volvo,YCC,
Winnebago,Other,
Yamaha,FZ6R,
Yamaha,OTHER,
Yugo,Cabrio,
Yugo,Ivano,
Yugo,Other,